<?xml version="1.0" encoding="utf-8" standalone="no"?>
<manifest identifier="T.SENACSãoPaulo.Template.e1e5d36a-f133-4091-a94d-db3c8df0f005" version="1" xmlns:adlcp="http://www.adlnet.org/xsd/adlcp_rootv1p2" xmlns="http://www.imsproject.org/xsd/imscp_rootv1p1p2" xmlns:xsi="http://www.w3.org/2001/XMLSchema-instance" xsi:schemaLocation="http://www.imsproject.org/xsd/imscp_rootv1p1p2 imscp_rootv1p1p2.xsd http://www.imsglobal.org/xsd/imsmd_rootv1p2p1 imsmd_rootv1p2p1.xsd http://www.adlnet.org/xsd/adlcp_rootv1p2 adlcp_rootv1p2.xsd">
  <metadata>
    <schema>ADL SCORM</schema>
    <schemaversion>1.2</schemaversion>
    <adlcp:location>metadata.xml</adlcp:location>
  </metadata>
  <organizations default="SENAC_São_Paulo">
    <organization identifier="SENAC_São_Paulo">
      <title>Template</title>
      <item identifier="item_T.SENACSãoPaulo.Template.e1e5d36a-f133-4091-a94d-db3c8df0f005" identifierref="resource_T.SENACSãoPaulo.Template.e1e5d36a-f133-4091-a94d-db3c8df0f005">
        <title>Template</title>
        <adlcp:masteryscore>70</adlcp:masteryscore>
        <metadata>
          <schema>ADL SCORM</schema>
          <schemaversion>1.2</schemaversion>
          <adlcp:location>metadata.xml</adlcp:location>
        </metadata>
      </item>
      <metadata>
        <schema>ADL SCORM</schema>
        <schemaversion>1.2</schemaversion>
        <adlcp:location>metadata.xml</adlcp:location>
      </metadata>
    </organization>
  </organizations>
  <resources>
    <metadata>
      <schema>ADL SCORM</schema>
      <schemaversion>1.2</schemaversion>
      <adlcp:location>metadata.xml</adlcp:location>
    </metadata>
    <resource identifier="resource_T.SENACSãoPaulo.Template.e1e5d36a-f133-4091-a94d-db3c8df0f005" type="webcontent" href="index.html" adlcp:scormtype="sco">
      <metadata>
        <schema>ADL SCORM</schema>
        <schemaversion>1.2</schemaversion>
        <adlcp:location>metadata.xml</adlcp:location>
      </metadata>
      <file href=".htaccess"/>
      <file href="asset-manifest.json"/>
      <file href="data/logoSenac.png"/>
      <file href="data/pages.json"/>
      <file href="data/videoByTime01.json"/>
      <file href="data/videoByVideo01.json"/>
      <file href="data/videoTempo.xml"/>
      <file href="favicon.ico"/>
      <file href="index.html"/>
      <file href="manifest.json"/>
      <file href="robots.txt"/>
      <file href="static/css/main.a8df08de.css"/>
      <file href="static/css/main.a8df08de.css.map"/>
      <file href="static/js/787.4e693eb4.chunk.js"/>
      <file href="static/js/787.4e693eb4.chunk.js.map"/>
      <file href="static/js/main.d176d662.js"/>
      <file href="static/js/main.d176d662.js.LICENSE.txt"/>
      <file href="static/js/main.d176d662.js.map"/>
    </resource>
  </resources>
</manifest>