{
    "curso": {
		"modulo": "",
        "titulo": "Template React",
		"mode" : "",
		"scorm" : true,
		"loader": false,
		"template": "custom",
		"menu": "",
		"logo":"data/logoSenac.png",
		"conteudo": {
			"telas":[
				{					
					"route": "page2",
					"titulo": "Página 02"
				},
				{					
					"route": "page1",
					"titulo": "Página 01"
				},
				{					
					"route": "page3",
					"titulo": "Página 03"
				},
				{					
					"route": "page4",
					"titulo": "Página 04"
				}
				
			]
		}
	}
}

